Filename,Title,Keywords,Category,Releases
3D_Holographic_Blueprint_of_Innovative_Business_Model.jpeg,3D Holographic Blueprint of Innovative Business Model,"planning, conceptualization, network, technology, lines, visualization, progress, architecture, dynamics, futuristic, strategy, shapes, transformation, intelligent, sleek, tech, business, innovation, blueprint, projection, model, creative, advancement, blue, abstract, creativity, tech-driven, future, vision, digital-age",3,
3D_Holographic_Blueprint_of_a_Business_Model_Floating.jpeg,3D Holographic Blueprint of a Business Model Floating,"planning, network, structural, matrix, technology, lines, digitalization, visualization, grid, element, innovative, diagram, architecture, evolve, plan, computer, futuristic, strategy, transformation, mapping, enterprise, development, tech, business, innovation, blueprint, projection, model, creative, schematic",3,
Futuristic_Chessboard_with_Illuminated_Business_Strategy_Pieces.jpeg,Futuristic Chessboard with Illuminated Business Strategy Pieces,"planning, idea, game, dynamic, thinking, illumination, chessboard, contrast, innovative, visual, metaphor, symbolic, leadership, futuristic, competition, strategy, foresight, fusion, business, objective, creativity, clarity, calculated, insight, pieces, corporate, vision, illustration, management, strategic",3,
Chessboard_with_Glowing_Pieces_Symbolizing_Business_Strategy.jpeg,Chessboard with Glowing Pieces Symbolizing Business Strategy,"planning, game, background, emphasis, conceptual, intellect, analytical, chessboard, contrast, situations, metaphor, visual, inspiring, environment, competitive, innovative, luminous, symbolic, choice, leadership, strategy, foresight, intelligence, decision, luminescent, business, forethought, framework, predictive, problem-solving",3,
Digital_Map_with_Glowing_Paths_Representing_Business_Connections.jpeg,Digital Map with Glowing Paths Representing Business Connections,"background, seamless, network, technology, connections, operation, web, digitalization, visual, luminous, crisscross, transaction, global, integration, futuristic, transformation, regional, globalization, layout, business, trade, arrangement, abstract, interface, paths, future, shaping, infrastructure, connectivity, aesthetic",3,
Digital_Map_with_Glowing_Pathways_for_Business_Insights.jpeg,Digital Map with Glowing Pathways for Business Insights,"planning, infographic, brilliance, network, technology, visualization, innovative, visual, luminous, pathwayanalysis, pathways, signals, insights, futuristic, analytics, analysis, information, distribution, businessstrategy, tech, influx, business, advancement, futuristicdesign, dataflow, digitalage, corporate, connectivity, map, management",3,
Interactive_3D_Cube_with_Animated_Graphs_and_Characters.jpeg,Interactive 3D Cube with Animated Graphs and Characters,"background, dynamic, matrix, technology, visualization, digitalization, diagram, surface, luminous, environment, futuristic, high-tech, transformation, analysis, spinning, graphs, tech, patterns, innovation, neon, vibrant, creative, abstract, motion, animated, colors, parallel, aesthetic, cube, illustration",19,
Floating_Cube_with_Spinning_Graphs_and_Characters.jpeg,Floating Cube with Spinning Graphs and Characters,"dynamic, emphasis, technology, translucent, futuristic, high-tech, shapes, analysis, information, transformation, spinning, graphs, intelligence, themes, innovation, business, movement, vibrant, abstract, motifs, captivating, colors, interplay, intricate, cube, data, digital, characters, hologram, modern",19,
Giant_Brain_with_Glowing_Gears_and_Charts.jpeg,Giant Brain with Glowing Gears and Charts,"ideas, connection, network, cybernetic, technology, illumination, imagination, progress, brain, gears, symbolic, processing, machine, futuristic, exploration, analysis, intelligence, light, development, metaphorical, system, innovation, creative, synergy, evolution, surreal, abstract, mind, cognitive, insight",19,
Futuristic_Giant_Brain_with_Glowing_Gears_and_Charts.jpeg,Futuristic Giant Brain with Glowing Gears and Charts,"background, conceptual, illumination, technological, ambiance, contrast, complexity, tech-savvy, visual, science, brain, gears, thought-provoking, symbolic, processing, machine, futuristic, audience, workings, analytics, exploration, human, intelligence, fusion, neon, innovation, artwork, learning, vibrant, synergy",19,
A_Giant_Brain_with_Glowing_Gears_and_Charts.jpeg,A Giant Brain with Glowing Gears and Charts,"blend, network, artistic, process, technology, intellect, visualization, innovative, metaphor, brain, gears, symbolic, dynamics, futuristic, exploration, intelligence, story, artwork, detailed, creative, abstract, interface, composition, mind, colorful, software, insight, charts, complex, perspective",19,
A_Futuristic_Mind_Map_Rendered_as_a_Floating_Hologram.jpeg,A Futuristic Mind Map Rendered as a Floating Hologram,"ideas, background, network, thought, technology, visualization, connections, imagination, display, illumination, innovative, diagram, visual, science, translucent, brainstorming, futuristic, analytics, luminescent, neon, projection, creative, scene, problem-solving, interface, showcase, mind, nodes, hue, map",19,
Surreal_Businessman_Climbing_a_Glowing_Staircase_in_Dreamlike_Atmosphere.jpeg,Surreal Businessman Climbing a Glowing Staircase in Dreamlike Atmosphere,"surrealism, juxtaposition, reality, aspiration, illumination, progress, imagination, attire, evoking, ambition, climbing, gravity, landscape, businessman, challenges, staircase, atmosphere, themes, unpredictable, meanings, ascent, deeper, artwork, vibrant, world, surreal, considerations, abstract, creativity, composition",6,
Surreal_Businessman_Climbing_a_Glowing_Staircase_in_Ethereal_Dreamscape.jpeg,Surreal Businessman Climbing a Glowing Staircase in Ethereal Dreamscape,"unknown, surrealism, steps, aspiration, illumination, progress, metaphor, climbing, ambition, symbolic, imaginative, leadership, businessman, potential, abstraction, surrealist, achievement, staircase, inspiration, exploration, light, dream, innovation, ascent, motivation, creative, discovery, surreal, abstract, futurism",3,
Surreal_Businessman_Climbing_a_Glowing_Staircase_in_Futuristic_Setting.jpeg,Surreal Businessman Climbing a Glowing Staircase in Futuristic Setting,"steps, dynamic, conceptual, artistic, expression, imagination, progress, contrast, narrative, metaphor, figure, inspiring, climbing, ambition, symbolic, businessman, futuristic, achievement, staircase, growth, light, innovation, ascent, shadow, creative, surreal, abstract, enlightenment, composition, mystery",3,
Surreal_Businessman_Ascending_a_Glowing_Staircase.jpeg,Surreal Businessman Ascending a Glowing Staircase,"unknown, steps, enigmatic, path, surrealism, reality, climb, illumination, essence, progress, ambiance, imagination, figure, life, ambition, businessman, futuristic, challenges, staircase, inspiration, light, contrasting, dream, possibilities, discovery, surreal, pursuing, abstract, hope, journeys",6,
Surreal_Gantt_Chart_Transforming_into_a_Futuristic_Cityscape.jpeg,Surreal Gantt Chart Transforming into a Futuristic Cityscape,"modernize, gantt, dynamic, artistic, process, visualization, technology, imagination, architecture, interpretation, visual, reimagine, urban, imaginative, symbolic, futuristic, transformation, fusion, traditional, neon, innovation, business, artwork, detailed, vibrant, creative, evolution, surreal, abstract, cityscape",2,
A_Surreal_Gantt_Chart_Transforming_into_a_Futuristic_Cityscape.jpeg,A Surreal Gantt Chart Transforming into a Futuristic Cityscape,"planning, gantt, seamless, dynamic, technology, sky, imagination, progress, transforming, architecture, environment, urban, symbolic, integration, futuristic, transformation, growth, possibilities, innovation, project, vibrant, evolution, surreal, cityscape, creativity, colorful, future, convergence, theme, vision",3,
Surreal_Skyscraper_Constructed_from_Stacked_Business_Plans.jpeg,Surreal Skyscraper Constructed from Stacked Business Plans,"surrealism, ambitious, juxtaposition, artistic, unusual, document, imagination, architecture, metaphor, construction, plans, finance, unconventional, ambition, layers, futuristic, balance, fusion, contemporary, business, innovation, artwork, creative, stacked, blueprints, surreal, abstract, stability, creativity, perspective",2,
